fname,ARIMA,SARIMA,RNN,LSTM
D1651.csv,0.13300256480112738,0.20052867539760907,20.167796313762665,5.095247480709122
D132.csv,0.3751820914783751,0.35803955669855125,35.85289418697357,23.143023872872668
