fname,ARIMA,SARIMA,RNN,LSTM
D1651.csv,144613.40096783012,263166.29971501185,0.0028847728,25719.738863056686
D132.csv,16814851.24052076,15269295.640501043,0.24104658,6003006.9060399635
