fname,ARIMA,SARIMA,RNN,LSTM
D1651.csv,326.6093304432267,419.66594637918513,0.046465304,115.68939316063596
D132.csv,3855.942591089842,3677.2867507310066,0.48234734,2428.1220906575522
